postCode,firstName,lastName,identifiers.0.provider,identifiers.0.id,identifiers.1.provider,identifiers.1.id,street.0,street.1
1,Marion,Maltie,email,test@test.com,CRM,12313123,Ariosto street, Mozart rd.
2,Jesse,Christopher,email,test@test.com,CRM,342567,Ariosto street, Mozart rd.
3,Frank,Dixon,email,test@test.com,CRM,3467802,Ariosto street, Mozart rd.
4,Marquerite,Holbrook,email,test@test.com,CRM,54702,Ariosto street, Mozart rd.
5,Justin,Houk,email,test@test.com,CRM,5345701,Ariosto street, Mozart rd.
6,Annette,Root,email,test@test.com,CRM,04541,Ariosto street, Peterson rd.
7,Noreen,Marshall,email,test@test.com,CRM,345778,Ariosto street, Coltrane rd.
8,Kathryn,Griggs,email,test@test.com,CRM,43456,Ariosto street, Leopardi rd.
9,Tammy,Dana,email,test@test.com,CRM,456256,Ariosto street, Foscolo rd.
10,Nicholas,Richardson,email,test@test.com,CRM,345266,Ariosto street, Verga rd.
11,Katherine,Wilks,email,test@test.com,CRM,4576489,Ariosto street, Boccaccio rd.
12,Jessica,Phillips,email,test@test.com,CRM,34554,Ariosto street, Virgilio rd.
13,Alan,Woodward,email,test@test.com,CRM,234234,Ariosto street, Dante rd.